20190130133600.0,3712.0,3713.0,3711.0,3712.0,6676.0
20190130133700.0,3713.0,3714.0,3712.0,3714.0,6510.0
20190130133800.0,3714.0,3714.0,3711.0,3711.0,5838.0
20190130133900.0,3712.0,3713.0,3711.0,3713.0,2786.0
20190130134000.0,3713.0,3713.0,3710.0,3712.0,5460.0
20190130134100.0,3711.0,3712.0,3709.0,3710.0,6678.0
20190130134200.0,3710.0,3710.0,3709.0,3709.0,7518.0
20190130134300.0,3709.0,3709.0,3708.0,3708.0,9000.0
20190130134400.0,3709.0,3709.0,3708.0,3709.0,8252.0
20190130134500.0,3709.0,3712.0,3709.0,3711.0,8360.0
20190130134600.0,3710.0,3711.0,3709.0,3709.0,7216.0
20190130134700.0,3709.0,3709.0,3705.0,3707.0,16484.0
20190130134800.0,3707.0,3708.0,3705.0,3707.0,11406.0
20190130134900.0,3707.0,3708.0,3706.0,3706.0,5736.0
20190130135000.0,3706.0,3707.0,3705.0,3705.0,6412.0
20190130135100.0,3705.0,3707.0,3705.0,3706.0,7544.0
20190130135200.0,3707.0,3707.0,3705.0,3705.0,4324.0
20190130135300.0,3705.0,3706.0,3698.0,3698.0,29988.0
20190130135400.0,3699.0,3700.0,3696.0,3700.0,37102.0
20190130135500.0,3699.0,3704.0,3699.0,3702.0,20690.0
20190130135600.0,3702.0,3702.0,3701.0,3702.0,6712.0
20190130135700.0,3701.0,3702.0,3699.0,3699.0,8568.0
20190130135800.0,3700.0,3700.0,3696.0,3697.0,14692.0
20190130135900.0,3698.0,3698.0,3689.0,3695.0,40812.0
20190130140000.0,3696.0,3696.0,3694.0,3696.0,15500.0
20190130140100.0,3694.0,3698.0,3692.0,3698.0,20574.0
20190130140200.0,3697.0,3698.0,3696.0,3698.0,11220.0
20190130140300.0,3698.0,3698.0,3694.0,3695.0,10810.0
20190130140400.0,3696.0,3697.0,3694.0,3695.0,9658.0
20190130140500.0,3695.0,3696.0,3694.0,3694.0,5704.0
20190130140600.0,3694.0,3695.0,3694.0,3694.0,5022.0
20190130140700.0,3695.0,3698.0,3695.0,3698.0,8734.0
20190130140800.0,3697.0,3700.0,3697.0,3700.0,9774.0
20190130140900.0,3700.0,3700.0,3698.0,3699.0,7086.0
20190130141000.0,3699.0,3699.0,3695.0,3697.0,5520.0
20190130141100.0,3696.0,3699.0,3696.0,3699.0,5102.0
20190130141200.0,3699.0,3700.0,3697.0,3698.0,5442.0
20190130141300.0,3699.0,3700.0,3698.0,3699.0,3536.0
20190130141400.0,3699.0,3702.0,3699.0,3700.0,10724.0
20190130141500.0,3701.0,3703.0,3700.0,3702.0,11740.0
20190130141600.0,3702.0,3704.0,3701.0,3702.0,10124.0
20190130141700.0,3702.0,3703.0,3701.0,3702.0,6286.0
20190130141800.0,3702.0,3705.0,3702.0,3705.0,10476.0
20190130141900.0,3704.0,3704.0,3701.0,3702.0,7462.0
20190130142000.0,3702.0,3703.0,3701.0,3703.0,5042.0
20190130142100.0,3703.0,3703.0,3699.0,3699.0,5706.0
20190130142200.0,3699.0,3701.0,3699.0,3700.0,4192.0
20190130142300.0,3701.0,3702.0,3699.0,3700.0,3594.0
20190130142400.0,3700.0,3702.0,3700.0,3702.0,3518.0
20190130142500.0,3702.0,3702.0,3700.0,3701.0,2600.0
20190130142600.0,3701.0,3702.0,3701.0,3701.0,2322.0
20190130142700.0,3701.0,3702.0,3699.0,3699.0,3414.0
20190130142800.0,3699.0,3699.0,3697.0,3697.0,5868.0
20190130142900.0,3698.0,3700.0,3697.0,3698.0,5408.0
20190130143000.0,3697.0,3699.0,3695.0,3697.0,7964.0
20190130143100.0,3697.0,3701.0,3696.0,3700.0,8650.0
20190130143200.0,3699.0,3701.0,3699.0,3699.0,3306.0
20190130143300.0,3700.0,3700.0,3697.0,3697.0,5176.0
20190130143400.0,3696.0,3697.0,3691.0,3691.0,27450.0
20190130143500.0,3692.0,3695.0,3691.0,3693.0,16812.0
20190130143600.0,3692.0,3696.0,3692.0,3695.0,9726.0
20190130143700.0,3694.0,3696.0,3693.0,3695.0,7692.0
20190130143800.0,3695.0,3695.0,3694.0,3694.0,4870.0
20190130143900.0,3694.0,3696.0,3692.0,3692.0,10550.0
20190130144000.0,3691.0,3692.0,3686.0,3687.0,43770.0
20190130144100.0,3686.0,3691.0,3685.0,3689.0,21780.0
20190130144200.0,3689.0,3691.0,3688.0,3689.0,8832.0
20190130144300.0,3689.0,3689.0,3687.0,3687.0,9872.0
20190130144400.0,3687.0,3687.0,3677.0,3678.0,62128.0
20190130144500.0,3677.0,3682.0,3677.0,3681.0,25298.0
20190130144600.0,3682.0,3682.0,3676.0,3677.0,21564.0
20190130144700.0,3678.0,3678.0,3666.0,3666.0,68660.0
20190130144800.0,3665.0,3668.0,3659.0,3659.0,75790.0
20190130144900.0,3659.0,3659.0,3649.0,3653.0,80102.0
20190130145000.0,3652.0,3652.0,3638.0,3645.0,95744.0
20190130145100.0,3645.0,3656.0,3643.0,3650.0,65218.0
20190130145200.0,3650.0,3653.0,3642.0,3643.0,48710.0
20190130145300.0,3644.0,3651.0,3644.0,3648.0,36682.0
20190130145400.0,3647.0,3650.0,3647.0,3649.0,17454.0
20190130145500.0,3648.0,3652.0,3647.0,3647.0,23850.0
20190130145600.0,3647.0,3647.0,3640.0,3640.0,33312.0
20190130145700.0,3640.0,3641.0,3639.0,3641.0,46820.0
20190130145800.0,3641.0,3641.0,3637.0,3637.0,39516.0
20190130145900.0,3637.0,3640.0,3637.0,3638.0,24056.0
20190130150000.0,3639.0,3639.0,3635.0,3635.0,55458.0
20190130210100.0,3642.0,3652.0,3642.0,3650.0,71492.0
20190130210200.0,3649.0,3653.0,3645.0,3652.0,35750.0
20190130210300.0,3652.0,3656.0,3652.0,3653.0,29720.0
20190130210400.0,3654.0,3655.0,3650.0,3651.0,12818.0
20190130210500.0,3652.0,3652.0,3649.0,3651.0,11614.0
20190130210600.0,3650.0,3652.0,3650.0,3651.0,7830.0
20190130210700.0,3652.0,3652.0,3644.0,3645.0,20508.0
20190130210800.0,3644.0,3647.0,3642.0,3647.0,16574.0
20190130210900.0,3646.0,3646.0,3639.0,3640.0,21004.0
20190130211000.0,3640.0,3644.0,3638.0,3640.0,19884.0
20190130211100.0,3640.0,3640.0,3633.0,3637.0,38362.0
20190130211200.0,3637.0,3641.0,3636.0,3641.0,20938.0
20190130211300.0,3641.0,3641.0,3637.0,3639.0,11554.0
20190130211400.0,3639.0,3644.0,3638.0,3643.0,14712.0
20190130211500.0,3643.0,3643.0,3640.0,3642.0,8994.0
20190130211600.0,3641.0,3645.0,3640.0,3643.0,11628.0
20190130211700.0,3643.0,3643.0,3639.0,3642.0,7640.0
20190130211800.0,3642.0,3645.0,3642.0,3643.0,8102.0
20190130211900.0,3643.0,3643.0,3640.0,3640.0,7736.0
20190130212000.0,3640.0,3642.0,3639.0,3641.0,9470.0
20190130212100.0,3641.0,3641.0,3638.0,3639.0,11746.0
20190130212200.0,3640.0,3641.0,3637.0,3640.0,7044.0
20190130212300.0,3641.0,3642.0,3639.0,3640.0,6084.0
20190130212400.0,3640.0,3643.0,3639.0,3643.0,7590.0
20190130212500.0,3643.0,3650.0,3643.0,3646.0,27598.0
20190130212600.0,3647.0,3647.0,3644.0,3647.0,10568.0
20190130212700.0,3647.0,3648.0,3644.0,3646.0,6096.0
20190130212800.0,3646.0,3647.0,3645.0,3646.0,4382.0
20190130212900.0,3647.0,3648.0,3646.0,3648.0,6360.0
20190130213000.0,3648.0,3648.0,3645.0,3645.0,5468.0
20190130213100.0,3646.0,3648.0,3645.0,3648.0,5752.0
20190130213200.0,3648.0,3648.0,3647.0,3648.0,3776.0
20190130213300.0,3647.0,3649.0,3647.0,3649.0,5298.0
20190130213400.0,3649.0,3649.0,3647.0,3648.0,6122.0
20190130213500.0,3648.0,3649.0,3646.0,3646.0,4094.0
20190130213600.0,3646.0,3647.0,3645.0,3646.0,7706.0
20190130213700.0,3645.0,3646.0,3644.0,3645.0,6638.0
20190130213800.0,3645.0,3647.0,3645.0,3646.0,5070.0
20190130213900.0,3646.0,3646.0,3642.0,3642.0,7508.0
20190130214000.0,3642.0,3644.0,3642.0,3642.0,6722.0
20190130214100.0,3643.0,3644.0,3642.0,3643.0,5970.0
20190130214200.0,3643.0,3646.0,3642.0,3645.0,6022.0
20190130214300.0,3645.0,3646.0,3644.0,3646.0,2838.0
20190130214400.0,3646.0,3647.0,3645.0,3646.0,4802.0
20190130214500.0,3647.0,3647.0,3645.0,3646.0,5810.0
20190130214600.0,3646.0,3646.0,3641.0,3643.0,11124.0
20190130214700.0,3644.0,3644.0,3640.0,3640.0,8770.0
20190130214800.0,3640.0,3641.0,3639.0,3639.0,10552.0
20190130214900.0,3639.0,3644.0,3639.0,3643.0,11706.0
20190130215000.0,3642.0,3645.0,3642.0,3643.0,6810.0
20190130215100.0,3643.0,3643.0,3639.0,3640.0,7308.0
20190130215200.0,3640.0,3642.0,3639.0,3640.0,11092.0
20190130215300.0,3640.0,3643.0,3636.0,3642.0,12076.0
20190130215400.0,3641.0,3644.0,3640.0,3644.0,6498.0
20190130215500.0,3643.0,3643.0,3642.0,3643.0,3630.0
20190130215600.0,3643.0,3645.0,3643.0,3645.0,5024.0
20190130215700.0,3645.0,3645.0,3644.0,3645.0,4968.0
20190130215800.0,3645.0,3645.0,3642.0,3643.0,4330.0
20190130215900.0,3643.0,3644.0,3642.0,3643.0,1514.0
20190130220000.0,3643.0,3643.0,3641.0,3641.0,2846.0
20190130220100.0,3641.0,3642.0,3639.0,3640.0,6954.0
20190130220200.0,3639.0,3644.0,3639.0,3643.0,4104.0
20190130220300.0,3642.0,3643.0,3642.0,3642.0,1666.0
20190130220400.0,3642.0,3644.0,3642.0,3644.0,3518.0
20190130220500.0,3643.0,3644.0,3642.0,3643.0,2506.0
20190130220600.0,3644.0,3646.0,3643.0,3645.0,8568.0
20190130220700.0,3645.0,3646.0,3642.0,3642.0,5742.0
20190130220800.0,3642.0,3643.0,3640.0,3642.0,3846.0
20190130220900.0,3644.0,3644.0,3641.0,3643.0,2482.0
20190130221000.0,3643.0,3645.0,3642.0,3644.0,2984.0
20190130221100.0,3643.0,3644.0,3641.0,3641.0,3568.0
20190130221200.0,3641.0,3644.0,3640.0,3642.0,2460.0
20190130221300.0,3641.0,3642.0,3641.0,3642.0,1426.0
20190130221400.0,3642.0,3645.0,3641.0,3645.0,4204.0
20190130221500.0,3644.0,3645.0,3642.0,3643.0,3200.0
20190130221600.0,3642.0,3643.0,3641.0,3643.0,2786.0
20190130221700.0,3642.0,3643.0,3640.0,3642.0,4160.0
20190130221800.0,3641.0,3642.0,3635.0,3636.0,22376.0
20190130221900.0,3636.0,3638.0,3635.0,3636.0,9032.0
20190130222000.0,3636.0,3636.0,3634.0,3634.0,14768.0
20190130222100.0,3635.0,3640.0,3634.0,3638.0,8790.0
20190130222200.0,3639.0,3641.0,3638.0,3641.0,6028.0
20190130222300.0,3641.0,3641.0,3639.0,3641.0,4050.0
20190130222400.0,3641.0,3644.0,3640.0,3643.0,13652.0
20190130222500.0,3642.0,3643.0,3641.0,3642.0,5874.0
20190130222600.0,3642.0,3644.0,3641.0,3643.0,4848.0
20190130222700.0,3643.0,3643.0,3639.0,3639.0,4494.0
20190130222800.0,3640.0,3641.0,3639.0,3640.0,2372.0
20190130222900.0,3640.0,3642.0,3639.0,3641.0,1290.0
20190130223000.0,3640.0,3642.0,3640.0,3640.0,1542.0
20190130223100.0,3641.0,3643.0,3640.0,3643.0,2344.0
20190130223200.0,3643.0,3643.0,3640.0,3640.0,3098.0
20190130223300.0,3641.0,3642.0,3640.0,3641.0,1994.0
20190130223400.0,3642.0,3643.0,3640.0,3641.0,6538.0
20190130223500.0,3641.0,3641.0,3639.0,3641.0,5534.0
20190130223600.0,3640.0,3641.0,3640.0,3641.0,3262.0
20190130223700.0,3641.0,3641.0,3640.0,3641.0,2062.0
20190130223800.0,3640.0,3641.0,3639.0,3640.0,1772.0
20190130223900.0,3639.0,3641.0,3639.0,3639.0,2460.0
20190130224000.0,3640.0,3640.0,3639.0,3640.0,1720.0
20190130224100.0,3639.0,3640.0,3638.0,3640.0,4336.0
20190130224200.0,3640.0,3640.0,3638.0,3639.0,2764.0
20190130224300.0,3639.0,3640.0,3639.0,3640.0,1342.0
20190130224400.0,3640.0,3643.0,3639.0,3643.0,4218.0
20190130224500.0,3642.0,3643.0,3640.0,3640.0,1838.0
20190130224600.0,3642.0,3642.0,3640.0,3641.0,1954.0
20190130224700.0,3641.0,3642.0,3640.0,3642.0,1998.0
20190130224800.0,3641.0,3644.0,3641.0,3641.0,5920.0
20190130224900.0,3642.0,3643.0,3641.0,3642.0,2336.0
20190130225000.0,3642.0,3644.0,3641.0,3643.0,5272.0
20190130225100.0,3644.0,3644.0,3641.0,3642.0,2482.0
20190130225200.0,3642.0,3643.0,3642.0,3643.0,808.0
20190130225300.0,3643.0,3643.0,3642.0,3643.0,1446.0
20190130225400.0,3642.0,3643.0,3642.0,3643.0,1590.0
20190130225500.0,3643.0,3644.0,3641.0,3643.0,3866.0
20190130225600.0,3644.0,3644.0,3642.0,3643.0,6750.0
20190130225700.0,3642.0,3643.0,3642.0,3642.0,2378.0
20190130225800.0,3642.0,3643.0,3642.0,3643.0,3654.0
20190130225900.0,3642.0,3643.0,3641.0,3641.0,4960.0
20190130230000.0,3642.0,3642.0,3641.0,3641.0,11432.0
20190131090100.0,3642.0,3654.0,3642.0,3651.0,39556.0
20190131090200.0,3651.0,3655.0,3647.0,3654.0,21966.0
20190131090300.0,3655.0,3657.0,3651.0,3656.0,23938.0
20190131090400.0,3656.0,3657.0,3652.0,3655.0,19788.0
20190131090500.0,3655.0,3655.0,3653.0,3655.0,6822.0
20190131090600.0,3655.0,3659.0,3654.0,3658.0,16052.0
20190131090700.0,3659.0,3659.0,3653.0,3654.0,13410.0
20190131090800.0,3653.0,3657.0,3653.0,3655.0,9924.0
20190131090900.0,3656.0,3656.0,3654.0,3654.0,5734.0
20190131091000.0,3654.0,3655.0,3654.0,3654.0,4750.0
20190131091100.0,3654.0,3655.0,3654.0,3654.0,5858.0
20190131091200.0,3654.0,3655.0,3653.0,3654.0,4802.0
20190131091300.0,3654.0,3655.0,3650.0,3652.0,13458.0
20190131091400.0,3652.0,3654.0,3651.0,3653.0,4298.0
20190131091500.0,3652.0,3655.0,3652.0,3655.0,3754.0
20190131091600.0,3654.0,3659.0,3654.0,3658.0,14900.0
20190131091700.0,3657.0,3659.0,3655.0,3657.0,6968.0
20190131091800.0,3657.0,3657.0,3654.0,3655.0,4830.0
20190131091900.0,3655.0,3656.0,3654.0,3655.0,4824.0
20190131092000.0,3655.0,3657.0,3655.0,3656.0,2042.0
20190131092100.0,3655.0,3656.0,3652.0,3655.0,10824.0
20190131092200.0,3656.0,3657.0,3655.0,3655.0,6366.0
20190131092300.0,3656.0,3657.0,3654.0,3656.0,5240.0
20190131092400.0,3656.0,3657.0,3655.0,3656.0,2276.0
20190131092500.0,3656.0,3657.0,3654.0,3655.0,3916.0
20190131092600.0,3655.0,3655.0,3651.0,3652.0,9828.0
20190131092700.0,3652.0,3654.0,3651.0,3654.0,6520.0
20190131092800.0,3654.0,3655.0,3652.0,3653.0,6788.0
20190131092900.0,3653.0,3653.0,3651.0,3652.0,7364.0
20190131093000.0,3652.0,3653.0,3651.0,3652.0,5164.0
20190131093100.0,3652.0,3652.0,3651.0,3652.0,3862.0
20190131093200.0,3652.0,3655.0,3651.0,3654.0,6526.0
20190131093300.0,3654.0,3654.0,3652.0,3652.0,3658.0
20190131093400.0,3651.0,3652.0,3650.0,3650.0,6998.0
20190131093500.0,3651.0,3657.0,3651.0,3655.0,9128.0
20190131093600.0,3655.0,3656.0,3654.0,3655.0,3416.0
20190131093700.0,3655.0,3655.0,3653.0,3653.0,2182.0
20190131093800.0,3654.0,3654.0,3651.0,3652.0,2616.0
20190131093900.0,3652.0,3655.0,3652.0,3655.0,2772.0
20190131094000.0,3655.0,3656.0,3651.0,3652.0,3938.0
20190131094100.0,3652.0,3653.0,3649.0,3650.0,10872.0
20190131094200.0,3649.0,3652.0,3649.0,3652.0,4942.0
20190131094300.0,3652.0,3653.0,3651.0,3652.0,3624.0
20190131094400.0,3651.0,3653.0,3650.0,3651.0,4318.0
20190131094500.0,3651.0,3654.0,3651.0,3652.0,9572.0
20190131094600.0,3650.0,3651.0,3644.0,3645.0,14864.0
20190131094700.0,3645.0,3647.0,3644.0,3645.0,13210.0
20190131094800.0,3644.0,3647.0,3644.0,3647.0,7924.0
20190131094900.0,3646.0,3647.0,3644.0,3645.0,7074.0
20190131095000.0,3644.0,3647.0,3644.0,3645.0,5848.0
20190131095100.0,3645.0,3646.0,3644.0,3645.0,7350.0
20190131095200.0,3645.0,3647.0,3645.0,3647.0,5592.0
20190131095300.0,3647.0,3647.0,3645.0,3647.0,5516.0
20190131095400.0,3647.0,3651.0,3646.0,3651.0,7318.0
20190131095500.0,3649.0,3651.0,3648.0,3649.0,5938.0
20190131095600.0,3648.0,3649.0,3648.0,3648.0,1638.0
20190131095700.0,3648.0,3651.0,3648.0,3651.0,4156.0
20190131095800.0,3651.0,3651.0,3648.0,3648.0,3424.0
20190131095900.0,3648.0,3653.0,3648.0,3652.0,4644.0
20190131100000.0,3651.0,3655.0,3651.0,3655.0,8650.0
20190131100100.0,3655.0,3655.0,3651.0,3652.0,6366.0
20190131100200.0,3652.0,3655.0,3652.0,3655.0,3850.0
20190131100300.0,3655.0,3655.0,3652.0,3652.0,2034.0
20190131100400.0,3652.0,3652.0,3650.0,3652.0,2238.0
20190131100500.0,3651.0,3652.0,3651.0,3651.0,618.0
20190131100600.0,3651.0,3652.0,3651.0,3651.0,1236.0
20190131100700.0,3651.0,3652.0,3650.0,3650.0,1248.0
20190131100800.0,3650.0,3653.0,3650.0,3653.0,2600.0
20190131100900.0,3653.0,3653.0,3651.0,3652.0,780.0
20190131101000.0,3652.0,3655.0,3651.0,3655.0,3236.0
20190131101100.0,3655.0,3655.0,3653.0,3655.0,2086.0
20190131101200.0,3654.0,3655.0,3653.0,3654.0,948.0
20190131101300.0,3654.0,3655.0,3653.0,3655.0,1848.0
20190131101400.0,3655.0,3655.0,3654.0,3655.0,2370.0
20190131101500.0,3655.0,3656.0,3654.0,3656.0,4160.0
20190131103100.0,3656.0,3658.0,3654.0,3655.0,14118.0
20190131103200.0,3654.0,3655.0,3652.0,3653.0,4232.0
20190131103300.0,3654.0,3655.0,3653.0,3654.0,1456.0
20190131103400.0,3654.0,3655.0,3653.0,3655.0,1370.0
20190131103500.0,3655.0,3655.0,3654.0,3654.0,1564.0
20190131103600.0,3654.0,3654.0,3650.0,3650.0,8136.0
20190131103700.0,3650.0,3650.0,3647.0,3648.0,8816.0
20190131103800.0,3647.0,3650.0,3647.0,3650.0,6678.0
20190131103900.0,3650.0,3654.0,3649.0,3654.0,7660.0
20190131104000.0,3654.0,3657.0,3653.0,3656.0,9312.0
20190131104100.0,3656.0,3658.0,3653.0,3658.0,10220.0
20190131104200.0,3658.0,3662.0,3657.0,3661.0,23386.0
20190131104300.0,3661.0,3662.0,3659.0,3660.0,12494.0
20190131104400.0,3659.0,3663.0,3659.0,3661.0,14342.0
20190131104500.0,3661.0,3663.0,3659.0,3663.0,16190.0
20190131104600.0,3662.0,3662.0,3660.0,3661.0,13560.0
20190131104700.0,3661.0,3664.0,3660.0,3663.0,17106.0
20190131104800.0,3663.0,3666.0,3662.0,3665.0,9826.0
20190131104900.0,3665.0,3666.0,3664.0,3665.0,13674.0
20190131105000.0,3664.0,3664.0,3662.0,3664.0,12692.0
20190131105100.0,3664.0,3666.0,3663.0,3664.0,8180.0
20190131105200.0,3664.0,3665.0,3662.0,3662.0,8010.0
20190131105300.0,3663.0,3664.0,3662.0,3663.0,5004.0
20190131105400.0,3663.0,3666.0,3662.0,3666.0,6752.0
20190131105500.0,3665.0,3666.0,3663.0,3665.0,4952.0
20190131105600.0,3664.0,3666.0,3663.0,3663.0,4812.0
20190131105700.0,3663.0,3664.0,3663.0,3663.0,4194.0
20190131105800.0,3664.0,3665.0,3663.0,3663.0,3918.0
20190131105900.0,3664.0,3664.0,3660.0,3660.0,7372.0
20190131110000.0,3660.0,3663.0,3660.0,3662.0,3724.0
20190131110100.0,3661.0,3662.0,3658.0,3660.0,11560.0
20190131110200.0,3661.0,3662.0,3659.0,3661.0,5134.0
20190131110300.0,3662.0,3663.0,3661.0,3661.0,3262.0
20190131110400.0,3662.0,3666.0,3662.0,3666.0,8380.0
20190131110500.0,3666.0,3667.0,3664.0,3665.0,11604.0
20190131110600.0,3665.0,3667.0,3665.0,3667.0,5584.0
20190131110700.0,3666.0,3667.0,3665.0,3665.0,5082.0
20190131110800.0,3666.0,3673.0,3665.0,3673.0,29368.0
20190131110900.0,3673.0,3674.0,3671.0,3674.0,17120.0
20190131111000.0,3674.0,3675.0,3668.0,3670.0,22924.0
20190131111100.0,3669.0,3671.0,3668.0,3668.0,7320.0
20190131111200.0,3669.0,3669.0,3664.0,3665.0,11164.0
20190131111300.0,3665.0,3669.0,3665.0,3669.0,6544.0
20190131111400.0,3668.0,3672.0,3668.0,3671.0,8516.0
20190131111500.0,3671.0,3672.0,3667.0,3670.0,9458.0
20190131111600.0,3672.0,3672.0,3668.0,3669.0,8558.0
20190131111700.0,3669.0,3669.0,3668.0,3668.0,3934.0
20190131111800.0,3668.0,3668.0,3666.0,3667.0,3906.0
20190131111900.0,3668.0,3669.0,3667.0,3668.0,2536.0
20190131112000.0,3669.0,3670.0,3667.0,3670.0,6772.0
20190131112100.0,3671.0,3671.0,3666.0,3666.0,10062.0
20190131112200.0,3666.0,3669.0,3666.0,3667.0,7646.0
20190131112300.0,3668.0,3668.0,3667.0,3667.0,3702.0
20190131112400.0,3668.0,3669.0,3667.0,3668.0,3764.0
20190131112500.0,3669.0,3669.0,3667.0,3668.0,2892.0
20190131112600.0,3668.0,3669.0,3666.0,3666.0,6404.0
20190131112700.0,3666.0,3667.0,3665.0,3667.0,6670.0
20190131112800.0,3667.0,3667.0,3665.0,3666.0,6982.0
20190131112900.0,3666.0,3666.0,3663.0,3663.0,8388.0
20190131113000.0,3663.0,3667.0,3663.0,3667.0,11696.0
20190131133100.0,3666.0,3667.0,3663.0,3665.0,12726.0
20190131133200.0,3666.0,3666.0,3654.0,3659.0,37726.0
20190131133300.0,3658.0,3663.0,3658.0,3661.0,13540.0
20190131133400.0,3662.0,3665.0,3662.0,3664.0,10966.0
20190131133500.0,3664.0,3669.0,3664.0,3669.0,16176.0
20190131133600.0,3669.0,3672.0,3669.0,3670.0,13268.0
20190131133700.0,3669.0,3672.0,3669.0,3670.0,13428.0
20190131133800.0,3670.0,3673.0,3670.0,3670.0,12654.0
20190131133900.0,3670.0,3671.0,3667.0,3668.0,9064.0
20190131134000.0,3668.0,3669.0,3663.0,3666.0,15024.0
20190131134100.0,3667.0,3667.0,3665.0,3667.0,6272.0
20190131134200.0,3666.0,3670.0,3666.0,3666.0,8186.0
20190131134300.0,3667.0,3670.0,3666.0,3668.0,7058.0
20190131134400.0,3669.0,3669.0,3666.0,3667.0,4432.0
20190131134500.0,3667.0,3670.0,3666.0,3668.0,5830.0
20190131134600.0,3668.0,3670.0,3668.0,3669.0,5916.0
20190131134700.0,3670.0,3672.0,3670.0,3672.0,11638.0
20190131134800.0,3672.0,3673.0,3669.0,3672.0,10914.0
20190131134900.0,3671.0,3672.0,3668.0,3670.0,6426.0
20190131135000.0,3671.0,3673.0,3670.0,3671.0,11350.0
20190131135100.0,3671.0,3672.0,3669.0,3672.0,7802.0
20190131135200.0,3673.0,3674.0,3669.0,3670.0,11140.0
20190131135300.0,3670.0,3671.0,3668.0,3668.0,5196.0
20190131135400.0,3669.0,3670.0,3668.0,3670.0,6376.0
20190131135500.0,3670.0,3670.0,3667.0,3667.0,7856.0
20190131135600.0,3668.0,3670.0,3667.0,3667.0,5600.0
20190131135700.0,3668.0,3668.0,3665.0,3665.0,9328.0
20190131135800.0,3667.0,3667.0,3664.0,3665.0,8658.0
20190131135900.0,3665.0,3666.0,3664.0,3665.0,5084.0
20190131140000.0,3665.0,3665.0,3664.0,3665.0,7618.0
20190131140100.0,3666.0,3668.0,3665.0,3667.0,5088.0
20190131140200.0,3667.0,3667.0,3667.0,3667.0,4528.0
20190131140300.0,3667.0,3667.0,3664.0,3665.0,8350.0
20190131140400.0,3665.0,3667.0,3665.0,3666.0,4768.0
20190131140500.0,3666.0,3666.0,3664.0,3665.0,4136.0
20190131140600.0,3665.0,3666.0,3663.0,3665.0,5614.0
20190131140700.0,3665.0,3666.0,3662.0,3663.0,7812.0
20190131140800.0,3661.0,3662.0,3646.0,3653.0,63150.0
20190131140900.0,3652.0,3652.0,3646.0,3648.0,27716.0
20190131141000.0,3648.0,3649.0,3646.0,3649.0,23178.0
20190131141100.0,3648.0,3648.0,3643.0,3645.0,35002.0
20190131141200.0,3645.0,3650.0,3644.0,3649.0,16546.0
20190131141300.0,3649.0,3650.0,3646.0,3650.0,9696.0
20190131141400.0,3649.0,3655.0,3649.0,3655.0,12728.0
20190131141500.0,3655.0,3655.0,3649.0,3650.0,9942.0
20190131141600.0,3649.0,3654.0,3649.0,3652.0,10834.0
20190131141700.0,3652.0,3655.0,3651.0,3654.0,7434.0
20190131141800.0,3654.0,3655.0,3653.0,3654.0,5112.0
20190131141900.0,3655.0,3655.0,3653.0,3653.0,7096.0
20190131142000.0,3653.0,3662.0,3653.0,3662.0,22642.0
20190131142100.0,3661.0,3665.0,3661.0,3664.0,19208.0
20190131142200.0,3665.0,3668.0,3663.0,3668.0,15616.0
20190131142300.0,3668.0,3670.0,3665.0,3666.0,16592.0
20190131142400.0,3667.0,3668.0,3663.0,3668.0,12572.0
20190131142500.0,3667.0,3667.0,3664.0,3666.0,9006.0
20190131142600.0,3666.0,3667.0,3663.0,3663.0,5514.0
20190131142700.0,3664.0,3666.0,3663.0,3665.0,3670.0
20190131142800.0,3666.0,3667.0,3661.0,3661.0,9862.0
20190131142900.0,3661.0,3662.0,3656.0,3657.0,13658.0
20190131143000.0,3657.0,3662.0,3657.0,3661.0,6964.0
20190131143100.0,3661.0,3664.0,3660.0,3664.0,7744.0
20190131143200.0,3664.0,3664.0,3658.0,3658.0,4816.0
20190131143300.0,3659.0,3659.0,3653.0,3658.0,14228.0
20190131143400.0,3658.0,3663.0,3658.0,3663.0,5964.0
20190131143500.0,3662.0,3662.0,3657.0,3658.0,6962.0
20190131143600.0,3658.0,3659.0,3656.0,3656.0,7348.0
20190131143700.0,3656.0,3659.0,3655.0,3659.0,6204.0
20190131143800.0,3659.0,3659.0,3657.0,3657.0,2944.0
20190131143900.0,3657.0,3658.0,3655.0,3657.0,4746.0
20190131144000.0,3656.0,3658.0,3655.0,3657.0,3584.0
20190131144100.0,3657.0,3658.0,3653.0,3658.0,7340.0
20190131144200.0,3657.0,3662.0,3655.0,3661.0,9360.0
20190131144300.0,3660.0,3661.0,3657.0,3658.0,7492.0
20190131144400.0,3658.0,3663.0,3657.0,3662.0,11548.0
20190131144500.0,3661.0,3663.0,3659.0,3661.0,8418.0
20190131144600.0,3661.0,3662.0,3659.0,3659.0,5980.0
20190131144700.0,3659.0,3661.0,3658.0,3659.0,5566.0
20190131144800.0,3659.0,3663.0,3658.0,3659.0,11230.0
20190131144900.0,3660.0,3662.0,3659.0,3662.0,5912.0
20190131145000.0,3663.0,3663.0,3659.0,3659.0,8330.0
20190131145100.0,3660.0,3660.0,3655.0,3657.0,14468.0
20190131145200.0,3656.0,3658.0,3656.0,3656.0,6538.0
20190131145300.0,3657.0,3660.0,3656.0,3659.0,6372.0
20190131145400.0,3658.0,3658.0,3655.0,3656.0,10670.0
20190131145500.0,3656.0,3657.0,3656.0,3657.0,4584.0
20190131145600.0,3657.0,3657.0,3654.0,3656.0,19298.0
20190131145700.0,3656.0,3656.0,3654.0,3655.0,10644.0
20190131145800.0,3654.0,3658.0,3654.0,3658.0,8648.0
20190131145900.0,3658.0,3660.0,3656.0,3660.0,13418.0
20190131150000.0,3660.0,3663.0,3660.0,3663.0,18974.0
20190131210100.0,3653.0,3663.0,3653.0,3656.0,26212.0
20190131210200.0,3657.0,3663.0,3657.0,3661.0,12100.0
20190131210300.0,3661.0,3666.0,3661.0,3664.0,14906.0
20190131210400.0,3664.0,3664.0,3662.0,3663.0,5144.0
20190131210500.0,3663.0,3669.0,3663.0,3668.0,14892.0
20190131210600.0,3670.0,3679.0,3670.0,3674.0,40432.0
20190131210700.0,3674.0,3675.0,3671.0,3675.0,21224.0
20190131210800.0,3675.0,3675.0,3670.0,3674.0,11362.0
20190131210900.0,3673.0,3674.0,3672.0,3673.0,7998.0
20190131211000.0,3673.0,3675.0,3672.0,3672.0,9168.0
20190131211100.0,3671.0,3675.0,3671.0,3674.0,7300.0
20190131211200.0,3675.0,3677.0,3674.0,3675.0,14232.0
20190131211300.0,3676.0,3676.0,3672.0,3672.0,10080.0
20190131211400.0,3672.0,3675.0,3672.0,3674.0,7080.0
20190131211500.0,3675.0,3677.0,3673.0,3677.0,12210.0
20190131211600.0,3677.0,3681.0,3676.0,3680.0,23432.0
20190131211700.0,3681.0,3681.0,3677.0,3677.0,9760.0
20190131211800.0,3677.0,3679.0,3676.0,3677.0,5724.0
20190131211900.0,3677.0,3678.0,3674.0,3676.0,10158.0
20190131212000.0,3676.0,3676.0,3674.0,3675.0,4822.0
20190131212100.0,3675.0,3679.0,3675.0,3678.0,10272.0
20190131212200.0,3678.0,3678.0,3676.0,3677.0,7020.0
20190131212300.0,3677.0,3678.0,3676.0,3677.0,3590.0
20190131212400.0,3677.0,3678.0,3675.0,3676.0,6842.0
20190131212500.0,3676.0,3676.0,3674.0,3675.0,4382.0
20190131212600.0,3675.0,3678.0,3675.0,3677.0,4250.0
20190131212700.0,3677.0,3678.0,3677.0,3678.0,2024.0
20190131212800.0,3678.0,3679.0,3677.0,3678.0,4266.0
20190131212900.0,3677.0,3679.0,3677.0,3679.0,4166.0
20190131213000.0,3679.0,3679.0,3677.0,3679.0,2314.0
20190131213100.0,3679.0,3681.0,3678.0,3681.0,11500.0
20190131213200.0,3681.0,3681.0,3677.0,3678.0,8212.0
20190131213300.0,3677.0,3679.0,3676.0,3677.0,7410.0
20190131213400.0,3677.0,3679.0,3676.0,3677.0,4980.0
20190131213500.0,3677.0,3678.0,3675.0,3677.0,5258.0
20190131213600.0,3679.0,3679.0,3677.0,3678.0,4942.0
20190131213700.0,3678.0,3680.0,3677.0,3680.0,3864.0
20190131213800.0,3680.0,3681.0,3679.0,3680.0,5598.0
20190131213900.0,3681.0,3681.0,3679.0,3679.0,4762.0
20190131214000.0,3679.0,3680.0,3679.0,3679.0,7984.0
20190131214100.0,3680.0,3683.0,3680.0,3683.0,15392.0
20190131214200.0,3684.0,3688.0,3682.0,3687.0,28598.0
20190131214300.0,3687.0,3688.0,3682.0,3685.0,12024.0
20190131214400.0,3686.0,3686.0,3682.0,3684.0,7414.0
20190131214500.0,3685.0,3686.0,3683.0,3686.0,7636.0
20190131214600.0,3686.0,3687.0,3682.0,3682.0,8302.0
20190131214700.0,3682.0,3685.0,3682.0,3684.0,5662.0
20190131214800.0,3684.0,3684.0,3682.0,3683.0,2750.0
20190131214900.0,3682.0,3685.0,3682.0,3684.0,3816.0
20190131215000.0,3685.0,3689.0,3685.0,3689.0,19734.0
20190131215100.0,3689.0,3691.0,3688.0,3688.0,21362.0
20190131215200.0,3689.0,3689.0,3687.0,3687.0,9798.0
20190131215300.0,3687.0,3690.0,3687.0,3689.0,4028.0
20190131215400.0,3689.0,3689.0,3688.0,3689.0,4518.0
20190131215500.0,3690.0,3690.0,3675.0,3675.0,28978.0
20190131215600.0,3675.0,3681.0,3674.0,3681.0,18754.0
20190131215700.0,3680.0,3681.0,3674.0,3675.0,21612.0
20190131215800.0,3675.0,3679.0,3675.0,3677.0,11026.0
20190131215900.0,3677.0,3677.0,3673.0,3673.0,10892.0
20190131220000.0,3673.0,3675.0,3670.0,3674.0,20396.0
20190131220100.0,3675.0,3675.0,3670.0,3674.0,12176.0
20190131220200.0,3674.0,3677.0,3673.0,3676.0,8052.0
20190131220300.0,3676.0,3679.0,3675.0,3679.0,12054.0
20190131220400.0,3680.0,3687.0,3678.0,3685.0,25680.0
20190131220500.0,3685.0,3687.0,3684.0,3686.0,17800.0
20190131220600.0,3686.0,3686.0,3683.0,3683.0,10048.0
20190131220700.0,3683.0,3684.0,3681.0,3683.0,4954.0
20190131220800.0,3683.0,3685.0,3681.0,3685.0,7416.0
20190131220900.0,3685.0,3686.0,3682.0,3684.0,5784.0
20190131221000.0,3683.0,3685.0,3683.0,3684.0,2542.0
20190131221100.0,3685.0,3686.0,3683.0,3683.0,3292.0
20190131221200.0,3684.0,3684.0,3682.0,3683.0,2988.0
20190131221300.0,3683.0,3685.0,3682.0,3684.0,4184.0
20190131221400.0,3684.0,3686.0,3683.0,3684.0,7670.0
20190131221500.0,3684.0,3684.0,3680.0,3681.0,7856.0
20190131221600.0,3681.0,3681.0,3678.0,3680.0,8366.0
20190131221700.0,3680.0,3682.0,3679.0,3682.0,3844.0
20190131221800.0,3681.0,3684.0,3681.0,3682.0,4900.0
20190131221900.0,3682.0,3683.0,3681.0,3681.0,1320.0
20190131222000.0,3682.0,3685.0,3681.0,3684.0,4562.0
20190131222100.0,3684.0,3685.0,3682.0,3684.0,5648.0
20190131222200.0,3684.0,3684.0,3682.0,3682.0,3254.0
20190131222300.0,3683.0,3683.0,3678.0,3679.0,9202.0
20190131222400.0,3679.0,3681.0,3678.0,3680.0,2586.0
20190131222500.0,3681.0,3681.0,3678.0,3678.0,3632.0
20190131222600.0,3678.0,3682.0,3678.0,3679.0,4784.0
20190131222700.0,3678.0,3679.0,3678.0,3678.0,5218.0
20190131222800.0,3679.0,3680.0,3678.0,3679.0,4770.0
20190131222900.0,3679.0,3680.0,3679.0,3679.0,1888.0
20190131223000.0,3679.0,3680.0,3679.0,3679.0,1050.0
20190131223100.0,3679.0,3680.0,3679.0,3680.0,2454.0
20190131223200.0,3680.0,3681.0,3680.0,3681.0,1556.0
20190131223300.0,3681.0,3681.0,3677.0,3679.0,3666.0
20190131223400.0,3679.0,3680.0,3679.0,3680.0,626.0
20190131223500.0,3680.0,3680.0,3679.0,3680.0,666.0
20190131223600.0,3679.0,3681.0,3679.0,3680.0,1870.0
20190131223700.0,3680.0,3681.0,3680.0,3681.0,1140.0
20190131223800.0,3681.0,3681.0,3680.0,3680.0,1560.0
20190131223900.0,3681.0,3682.0,3680.0,3682.0,4164.0
20190131224000.0,3681.0,3682.0,3681.0,3682.0,1238.0
20190131224100.0,3682.0,3682.0,3681.0,3681.0,1446.0
20190131224200.0,3681.0,3681.0,3679.0,3679.0,1842.0
20190131224300.0,3680.0,3681.0,3676.0,3676.0,6850.0
20190131224400.0,3676.0,3677.0,3675.0,3676.0,7628.0
20190131224500.0,3677.0,3677.0,3675.0,3676.0,2700.0
20190131224600.0,3676.0,3676.0,3675.0,3676.0,2902.0
20190131224700.0,3676.0,3679.0,3675.0,3677.0,3508.0
20190131224800.0,3677.0,3679.0,3677.0,3678.0,1442.0
20190131224900.0,3678.0,3679.0,3677.0,3677.0,3380.0
20190131225000.0,3677.0,3677.0,3674.0,3674.0,8122.0
20190131225100.0,3675.0,3678.0,3674.0,3677.0,4248.0
20190131225200.0,3677.0,3677.0,3676.0,3677.0,608.0
20190131225300.0,3676.0,3678.0,3676.0,3678.0,1390.0
20190131225400.0,3678.0,3678.0,3676.0,3677.0,1168.0
20190131225500.0,3677.0,3678.0,3676.0,3678.0,2480.0
20190131225600.0,3677.0,3679.0,3676.0,3678.0,3474.0
20190131225700.0,3678.0,3679.0,3677.0,3677.0,2040.0
20190131225800.0,3677.0,3679.0,3676.0,3676.0,3710.0
20190131225900.0,3676.0,3678.0,3675.0,3678.0,8388.0
20190131230000.0,3678.0,3679.0,3677.0,3678.0,9716.0
20190201090100.0,3683.0,3684.0,3674.0,3683.0,36868.0
20190201090200.0,3684.0,3685.0,3678.0,3678.0,20834.0
20190201090300.0,3678.0,3684.0,3676.0,3682.0,13582.0
20190201090400.0,3683.0,3685.0,3681.0,3682.0,9316.0
20190201090500.0,3681.0,3682.0,3678.0,3679.0,9348.0
20190201090600.0,3679.0,3683.0,3677.0,3683.0,9714.0
20190201090700.0,3684.0,3686.0,3683.0,3684.0,12448.0
20190201090800.0,3683.0,3683.0,3680.0,3682.0,4852.0
20190201090900.0,3683.0,3684.0,3682.0,3683.0,6482.0
20190201091000.0,3683.0,3687.0,3682.0,3686.0,10124.0
20190201091100.0,3687.0,3689.0,3684.0,3685.0,16450.0
20190201091200.0,3685.0,3685.0,3678.0,3683.0,19080.0
20190201091300.0,3683.0,3684.0,3682.0,3682.0,6280.0
20190201091400.0,3682.0,3685.0,3682.0,3685.0,9474.0
20190201091500.0,3684.0,3685.0,3683.0,3685.0,4896.0
20190201091600.0,3686.0,3689.0,3686.0,3686.0,16676.0
20190201091700.0,3686.0,3689.0,3685.0,3688.0,5800.0
20190201091800.0,3688.0,3688.0,3685.0,3687.0,5686.0
20190201091900.0,3687.0,3688.0,3680.0,3682.0,18614.0
20190201092000.0,3683.0,3685.0,3678.0,3684.0,16020.0
20190201092100.0,3684.0,3684.0,3679.0,3683.0,9888.0
20190201092200.0,3683.0,3684.0,3682.0,3683.0,5164.0
20190201092300.0,3683.0,3684.0,3682.0,3684.0,1792.0
20190201092400.0,3682.0,3684.0,3682.0,3683.0,2636.0
20190201092500.0,3682.0,3689.0,3682.0,3689.0,14692.0
20190201092600.0,3689.0,3690.0,3685.0,3685.0,13532.0
20190201092700.0,3686.0,3687.0,3681.0,3683.0,9250.0
20190201092800.0,3684.0,3685.0,3683.0,3684.0,4102.0
20190201092900.0,3684.0,3686.0,3683.0,3684.0,3526.0
20190201093000.0,3685.0,3687.0,3684.0,3686.0,3324.0
20190201093100.0,3685.0,3685.0,3683.0,3684.0,4912.0
20190201093200.0,3684.0,3684.0,3681.0,3684.0,4872.0
20190201093300.0,3684.0,3687.0,3683.0,3684.0,3622.0
20190201093400.0,3685.0,3687.0,3683.0,3683.0,5178.0
20190201093500.0,3683.0,3687.0,3683.0,3687.0,4694.0
20190201093600.0,3687.0,3688.0,3685.0,3687.0,6792.0
20190201093700.0,3687.0,3688.0,3686.0,3687.0,5486.0
20190201093800.0,3687.0,3687.0,3682.0,3682.0,6670.0
20190201093900.0,3683.0,3683.0,3682.0,3682.0,3542.0
20190201094000.0,3682.0,3685.0,3682.0,3684.0,2624.0
20190201094100.0,3684.0,3684.0,3682.0,3683.0,1960.0
20190201094200.0,3683.0,3685.0,3683.0,3684.0,2480.0
20190201094300.0,3685.0,3685.0,3682.0,3683.0,2026.0
20190201094400.0,3683.0,3684.0,3681.0,3681.0,3732.0
20190201094500.0,3681.0,3684.0,3681.0,3684.0,2402.0
20190201094600.0,3683.0,3683.0,3678.0,3679.0,15218.0
20190201094700.0,3680.0,3682.0,3678.0,3681.0,4110.0
20190201094800.0,3681.0,3683.0,3680.0,3681.0,3220.0
20190201094900.0,3681.0,3682.0,3680.0,3681.0,3194.0
20190201095000.0,3682.0,3682.0,3681.0,3682.0,2478.0
20190201095100.0,3682.0,3682.0,3680.0,3681.0,2514.0
20190201095200.0,3682.0,3682.0,3680.0,3682.0,1914.0
20190201095300.0,3682.0,3684.0,3682.0,3683.0,5406.0
20190201095400.0,3683.0,3684.0,3682.0,3683.0,2000.0
20190201095500.0,3683.0,3683.0,3681.0,3682.0,3852.0
20190201095600.0,3681.0,3681.0,3677.0,3678.0,10618.0
20190201095700.0,3679.0,3680.0,3677.0,3680.0,6122.0
20190201095800.0,3680.0,3680.0,3678.0,3678.0,3300.0
20190201095900.0,3678.0,3679.0,3676.0,3678.0,7258.0
20190201100000.0,3678.0,3679.0,3676.0,3678.0,8620.0
20190201100100.0,3677.0,3679.0,3676.0,3678.0,5604.0
20190201100200.0,3678.0,3680.0,3677.0,3679.0,3542.0
20190201100300.0,3679.0,3679.0,3676.0,3676.0,3266.0
20190201100400.0,3677.0,3678.0,3676.0,3676.0,2804.0
20190201100500.0,3676.0,3679.0,3676.0,3679.0,4650.0
20190201100600.0,3678.0,3681.0,3678.0,3681.0,3554.0
20190201100700.0,3681.0,3682.0,3677.0,3679.0,3338.0
20190201100800.0,3679.0,3681.0,3678.0,3680.0,4790.0
20190201100900.0,3680.0,3681.0,3678.0,3678.0,2792.0
20190201101000.0,3679.0,3680.0,3678.0,3679.0,1826.0
20190201101100.0,3680.0,3680.0,3678.0,3678.0,2122.0
20190201101200.0,3679.0,3681.0,3678.0,3681.0,2374.0
20190201101300.0,3681.0,3682.0,3680.0,3681.0,3196.0
20190201101400.0,3682.0,3682.0,3681.0,3681.0,1824.0
20190201101500.0,3681.0,3683.0,3680.0,3682.0,4432.0
20190201103100.0,3682.0,3683.0,3680.0,3680.0,4958.0
20190201103200.0,3680.0,3681.0,3679.0,3679.0,2928.0
20190201103300.0,3679.0,3682.0,3679.0,3682.0,2842.0
20190201103400.0,3682.0,3683.0,3681.0,3683.0,4880.0
20190201103500.0,3683.0,3684.0,3683.0,3683.0,7140.0
20190201103600.0,3683.0,3684.0,3682.0,3684.0,3958.0
20190201103700.0,3685.0,3685.0,3682.0,3683.0,3678.0
20190201103800.0,3683.0,3683.0,3682.0,3682.0,1956.0
20190201103900.0,3683.0,3683.0,3679.0,3682.0,7424.0
20190201104000.0,3683.0,3683.0,3680.0,3680.0,3156.0
20190201104100.0,3680.0,3682.0,3679.0,3680.0,2786.0
20190201104200.0,3680.0,3682.0,3679.0,3681.0,2066.0
20190201104300.0,3681.0,3685.0,3681.0,3684.0,7240.0
20190201104400.0,3684.0,3684.0,3682.0,3684.0,2772.0
20190201104500.0,3684.0,3685.0,3683.0,3684.0,1696.0
20190201104600.0,3685.0,3685.0,3681.0,3684.0,6256.0
20190201104700.0,3683.0,3684.0,3682.0,3682.0,1838.0
20190201104800.0,3682.0,3684.0,3681.0,3682.0,2594.0
20190201104900.0,3682.0,3683.0,3681.0,3683.0,5194.0
20190201105000.0,3682.0,3683.0,3682.0,3682.0,2004.0
20190201105100.0,3682.0,3685.0,3682.0,3685.0,3352.0
20190201105200.0,3684.0,3685.0,3684.0,3685.0,4080.0
20190201105300.0,3686.0,3686.0,3683.0,3683.0,3764.0
20190201105400.0,3683.0,3685.0,3683.0,3685.0,2810.0
20190201105500.0,3684.0,3685.0,3684.0,3684.0,2152.0
20190201105600.0,3684.0,3686.0,3684.0,3685.0,6158.0
20190201105700.0,3686.0,3686.0,3685.0,3685.0,1598.0
20190201105800.0,3686.0,3686.0,3684.0,3686.0,2728.0
20190201105900.0,3685.0,3686.0,3684.0,3685.0,3118.0
20190201110000.0,3685.0,3685.0,3683.0,3684.0,2318.0
20190201110100.0,3685.0,3687.0,3682.0,3682.0,6188.0
20190201110200.0,3683.0,3684.0,3682.0,3683.0,2434.0
20190201110300.0,3683.0,3684.0,3682.0,3683.0,1236.0
20190201110400.0,3682.0,3685.0,3682.0,3684.0,2302.0
20190201110500.0,3684.0,3685.0,3683.0,3684.0,734.0
20190201110600.0,3684.0,3685.0,3683.0,3683.0,4542.0
20190201110700.0,3683.0,3684.0,3683.0,3683.0,2184.0
20190201110800.0,3683.0,3685.0,3683.0,3684.0,800.0
20190201110900.0,3684.0,3685.0,3684.0,3684.0,860.0
20190201111000.0,3684.0,3686.0,3684.0,3684.0,1820.0
20190201111100.0,3685.0,3689.0,3684.0,3688.0,14550.0
20190201111200.0,3688.0,3689.0,3687.0,3687.0,8600.0
20190201111300.0,3688.0,3690.0,3687.0,3688.0,21146.0
20190201111400.0,3688.0,3690.0,3687.0,3689.0,7862.0
20190201111500.0,3688.0,3690.0,3688.0,3689.0,7350.0
20190201111600.0,3690.0,3691.0,3688.0,3689.0,15752.0
20190201111700.0,3689.0,3689.0,3681.0,3684.0,20998.0
20190201111800.0,3684.0,3686.0,3683.0,3685.0,7640.0
20190201111900.0,3685.0,3688.0,3685.0,3687.0,4404.0
20190201112000.0,3686.0,3687.0,3684.0,3684.0,3004.0
20190201112100.0,3684.0,3685.0,3683.0,3684.0,4682.0
20190201112200.0,3684.0,3684.0,3681.0,3681.0,8138.0
20190201112300.0,3681.0,3684.0,3681.0,3684.0,6938.0
20190201112400.0,3684.0,3684.0,3682.0,3682.0,2380.0
20190201112500.0,3682.0,3685.0,3682.0,3682.0,4182.0
20190201112600.0,3682.0,3685.0,3682.0,3684.0,2470.0
20190201112700.0,3684.0,3684.0,3682.0,3682.0,1178.0
20190201112800.0,3683.0,3686.0,3682.0,3683.0,4128.0
20190201112900.0,3685.0,3685.0,3682.0,3682.0,2472.0
20190201113000.0,3682.0,3684.0,3682.0,3683.0,4634.0
20190201133100.0,3684.0,3685.0,3682.0,3685.0,5472.0
20190201133200.0,3686.0,3686.0,3684.0,3686.0,3998.0
20190201133300.0,3685.0,3686.0,3683.0,3683.0,2644.0
20190201133400.0,3684.0,3687.0,3683.0,3684.0,5670.0
20190201133500.0,3684.0,3685.0,3683.0,3685.0,2124.0
20190201133600.0,3685.0,3686.0,3684.0,3685.0,1168.0
20190201133700.0,3685.0,3685.0,3683.0,3684.0,2988.0
20190201133800.0,3684.0,3685.0,3682.0,3683.0,3148.0
20190201133900.0,3683.0,3684.0,3682.0,3684.0,1024.0
20190201134000.0,3683.0,3684.0,3683.0,3683.0,1660.0
20190201134100.0,3683.0,3685.0,3682.0,3683.0,2570.0
20190201134200.0,3682.0,3685.0,3682.0,3683.0,1560.0
20190201134300.0,3683.0,3684.0,3682.0,3683.0,2394.0
20190201134400.0,3683.0,3683.0,3681.0,3682.0,4168.0
20190201134500.0,3682.0,3683.0,3681.0,3682.0,3032.0
20190201134600.0,3681.0,3682.0,3677.0,3679.0,14458.0
20190201134700.0,3680.0,3680.0,3678.0,3679.0,4610.0
20190201134800.0,3679.0,3680.0,3678.0,3678.0,2092.0
20190201134900.0,3678.0,3681.0,3678.0,3681.0,5836.0
20190201135000.0,3680.0,3681.0,3679.0,3680.0,1824.0
20190201135100.0,3681.0,3683.0,3680.0,3681.0,4220.0
20190201135200.0,3681.0,3684.0,3681.0,3682.0,3862.0
20190201135300.0,3681.0,3683.0,3680.0,3683.0,1960.0
20190201135400.0,3682.0,3684.0,3681.0,3683.0,1962.0
20190201135500.0,3682.0,3683.0,3681.0,3682.0,1310.0
20190201135600.0,3682.0,3683.0,3680.0,3682.0,7610.0
20190201135700.0,3682.0,3683.0,3681.0,3683.0,2088.0
20190201135800.0,3682.0,3682.0,3681.0,3682.0,3450.0
20190201135900.0,3682.0,3684.0,3682.0,3683.0,4562.0
20190201140000.0,3684.0,3684.0,3682.0,3684.0,1568.0
20190201140100.0,3684.0,3685.0,3682.0,3684.0,3442.0
20190201140200.0,3683.0,3684.0,3682.0,3683.0,2108.0
20190201140300.0,3682.0,3685.0,3682.0,3683.0,6146.0
20190201140400.0,3684.0,3685.0,3681.0,3682.0,4030.0
20190201140500.0,3682.0,3683.0,3682.0,3682.0,1534.0
20190201140600.0,3682.0,3684.0,3681.0,3684.0,3248.0
20190201140700.0,3684.0,3685.0,3683.0,3684.0,1230.0
20190201140800.0,3683.0,3684.0,3682.0,3683.0,1816.0
20190201140900.0,3683.0,3685.0,3682.0,3685.0,2130.0
20190201141000.0,3684.0,3687.0,3684.0,3686.0,13510.0
20190201141100.0,3687.0,3688.0,3684.0,3686.0,12822.0
20190201141200.0,3687.0,3689.0,3686.0,3687.0,16514.0
20190201141300.0,3688.0,3688.0,3684.0,3686.0,9118.0
20190201141400.0,3685.0,3686.0,3684.0,3684.0,4994.0
20190201141500.0,3684.0,3687.0,3684.0,3686.0,3550.0
20190201141600.0,3686.0,3687.0,3685.0,3685.0,4410.0
20190201141700.0,3685.0,3687.0,3685.0,3686.0,2014.0
20190201141800.0,3686.0,3690.0,3686.0,3688.0,16096.0
20190201141900.0,3688.0,3690.0,3688.0,3690.0,11876.0
20190201142000.0,3691.0,3696.0,3690.0,3695.0,40566.0
20190201142100.0,3695.0,3695.0,3693.0,3694.0,14616.0
20190201142200.0,3694.0,3697.0,3694.0,3696.0,15646.0
20190201142300.0,3697.0,3698.0,3694.0,3694.0,9866.0
20190201142400.0,3694.0,3696.0,3692.0,3692.0,7818.0
20190201142500.0,3690.0,3692.0,3686.0,3692.0,19804.0
20190201142600.0,3691.0,3697.0,3691.0,3696.0,13760.0
20190201142700.0,3696.0,3700.0,3695.0,3700.0,36896.0
20190201142800.0,3701.0,3703.0,3699.0,3702.0,22286.0
20190201142900.0,3702.0,3707.0,3700.0,3706.0,29738.0
20190201143000.0,3707.0,3707.0,3700.0,3704.0,22596.0
20190201143100.0,3703.0,3705.0,3700.0,3702.0,12670.0
20190201143200.0,3702.0,3711.0,3702.0,3708.0,29078.0
20190201143300.0,3709.0,3709.0,3705.0,3707.0,13308.0
20190201143400.0,3706.0,3708.0,3705.0,3707.0,13016.0
20190201143500.0,3707.0,3711.0,3707.0,3710.0,23356.0
20190201143600.0,3710.0,3717.0,3710.0,3716.0,48318.0
20190201143700.0,3715.0,3715.0,3709.0,3709.0,33604.0
20190201143800.0,3710.0,3712.0,3710.0,3711.0,15080.0
20190201143900.0,3710.0,3712.0,3709.0,3710.0,11668.0
20190201144000.0,3710.0,3710.0,3706.0,3707.0,14292.0
20190201144100.0,3707.0,3709.0,3707.0,3708.0,8686.0
20190201144200.0,3708.0,3712.0,3708.0,3711.0,9248.0
20190201144300.0,3710.0,3714.0,3710.0,3712.0,11504.0
20190201144400.0,3713.0,3718.0,3712.0,3714.0,17734.0
20190201144500.0,3713.0,3713.0,3708.0,3712.0,26774.0
20190201144600.0,3711.0,3712.0,3710.0,3711.0,8958.0
20190201144700.0,3711.0,3714.0,3711.0,3713.0,7000.0
20190201144800.0,3712.0,3717.0,3711.0,3711.0,11220.0
20190201144900.0,3712.0,3712.0,3708.0,3710.0,10010.0
20190201145000.0,3710.0,3714.0,3709.0,3712.0,10888.0
20190201145100.0,3712.0,3713.0,3711.0,3712.0,9682.0
20190201145200.0,3712.0,3712.0,3711.0,3712.0,9006.0
20190201145300.0,3712.0,3713.0,3711.0,3712.0,14580.0
20190201145400.0,3712.0,3713.0,3711.0,3712.0,8624.0
20190201145500.0,3711.0,3714.0,3711.0,3712.0,15152.0
20190201145600.0,3713.0,3713.0,3702.0,3702.0,37190.0
20190201145700.0,3702.0,3708.0,3698.0,3708.0,35862.0
20190201145800.0,3708.0,3713.0,3708.0,3711.0,20682.0
20190201145900.0,3711.0,3711.0,3706.0,3707.0,25646.0
20190201150000.0,3707.0,3708.0,3703.0,3705.0,50948.0
20190211090100.0,3796.0,3813.0,3778.0,3796.0,185310.0
20190211090200.0,3795.0,3795.0,3775.0,3782.0,98682.0
20190211090300.0,3782.0,3786.0,3775.0,3776.0,48276.0
20190211090400.0,3777.0,3779.0,3770.0,3771.0,46666.0
20190211090500.0,3773.0,3781.0,3772.0,3776.0,35576.0
20190211090600.0,3776.0,3786.0,3776.0,3785.0,40466.0
20190211090700.0,3786.0,3786.0,3777.0,3780.0,26180.0
20190211090800.0,3780.0,3783.0,3778.0,3778.0,18178.0
20190211090900.0,3778.0,3780.0,3776.0,3777.0,20564.0
20190211091000.0,3777.0,3777.0,3773.0,3776.0,27260.0
20190211091100.0,3776.0,3776.0,3772.0,3774.0,23854.0
20190211091200.0,3775.0,3776.0,3769.0,3772.0,32616.0
20190211091300.0,3772.0,3774.0,3771.0,3773.0,14256.0
20190211091400.0,3773.0,3777.0,3772.0,3776.0,13594.0
20190211091500.0,3776.0,3780.0,3776.0,3779.0,12230.0
20190211091600.0,3780.0,3782.0,3779.0,3780.0,17326.0
20190211091700.0,3780.0,3787.0,3779.0,3787.0,26270.0
20190211091800.0,3788.0,3808.0,3788.0,3807.0,77400.0
20190211091900.0,3807.0,3808.0,3803.0,3804.0,40944.0
20190211092000.0,3804.0,3804.0,3797.0,3797.0,28824.0
20190211092100.0,3797.0,3803.0,3793.0,3803.0,28334.0
20190211092200.0,3804.0,3804.0,3799.0,3800.0,18618.0
20190211092300.0,3801.0,3802.0,3799.0,3801.0,10450.0
20190211092400.0,3801.0,3804.0,3798.0,3801.0,11954.0
20190211092500.0,3801.0,3803.0,3799.0,3800.0,8590.0
20190211092600.0,3801.0,3803.0,3799.0,3800.0,11286.0
20190211092700.0,3800.0,3804.0,3800.0,3804.0,9092.0
20190211092800.0,3803.0,3805.0,3803.0,3805.0,13654.0
20190211092900.0,3804.0,3805.0,3802.0,3803.0,12422.0
20190211093000.0,3803.0,3807.0,3803.0,3803.0,17852.0
20190211093100.0,3804.0,3806.0,3802.0,3803.0,9374.0
20190211093200.0,3803.0,3808.0,3803.0,3808.0,23950.0
20190211093300.0,3808.0,3812.0,3808.0,3810.0,25476.0
20190211093400.0,3810.0,3811.0,3809.0,3809.0,16838.0
20190211093500.0,3809.0,3811.0,3804.0,3804.0,18200.0
20190211093600.0,3805.0,3806.0,3802.0,3802.0,12814.0
20190211093700.0,3802.0,3805.0,3801.0,3802.0,7354.0
20190211093800.0,3802.0,3804.0,3801.0,3802.0,8150.0
20190211093900.0,3803.0,3805.0,3800.0,3801.0,10880.0
20190211094000.0,3801.0,3804.0,3800.0,3804.0,7314.0
20190211094100.0,3804.0,3804.0,3801.0,3803.0,4896.0
20190211094200.0,3803.0,3803.0,3800.0,3801.0,5760.0
20190211094300.0,3801.0,3801.0,3798.0,3799.0,10278.0
20190211094400.0,3799.0,3799.0,3796.0,3797.0,20552.0
20190211094500.0,3797.0,3800.0,3797.0,3798.0,14136.0
20190211094600.0,3799.0,3800.0,3798.0,3799.0,4426.0
20190211094700.0,3799.0,3801.0,3798.0,3800.0,6640.0
20190211094800.0,3801.0,3801.0,3798.0,3801.0,7294.0
20190211094900.0,3801.0,3803.0,3800.0,3802.0,6878.0
20190211095000.0,3802.0,3805.0,3801.0,3804.0,10378.0
20190211095100.0,3804.0,3806.0,3802.0,3803.0,5408.0
20190211095200.0,3804.0,3804.0,3801.0,3802.0,3030.0
20190211095300.0,3802.0,3806.0,3801.0,3804.0,3564.0
20190211095400.0,3804.0,3806.0,3803.0,3805.0,5230.0
20190211095500.0,3806.0,3807.0,3805.0,3807.0,6672.0
20190211095600.0,3807.0,3808.0,3806.0,3807.0,6184.0
20190211095700.0,3807.0,3810.0,3805.0,3807.0,13348.0
20190211095800.0,3807.0,3808.0,3805.0,3806.0,5394.0
20190211095900.0,3807.0,3809.0,3806.0,3807.0,5570.0
20190211100000.0,3807.0,3807.0,3806.0,3807.0,3724.0
20190211100100.0,3807.0,3807.0,3805.0,3805.0,4800.0
20190211100200.0,3806.0,3807.0,3804.0,3804.0,5086.0
20190211100300.0,3805.0,3809.0,3805.0,3809.0,6102.0
20190211100400.0,3808.0,3810.0,3807.0,3807.0,8778.0
20190211100500.0,3807.0,3810.0,3807.0,3810.0,7522.0
20190211100600.0,3809.0,3810.0,3806.0,3807.0,7388.0
20190211100700.0,3807.0,3808.0,3806.0,3806.0,5352.0
20190211100800.0,3806.0,3806.0,3802.0,3805.0,11824.0
20190211100900.0,3805.0,3807.0,3802.0,3803.0,12490.0
20190211101000.0,3804.0,3806.0,3802.0,3803.0,8538.0
20190211101100.0,3803.0,3806.0,3803.0,3805.0,4882.0
20190211101200.0,3805.0,3805.0,3790.0,3790.0,35926.0
20190211101300.0,3789.0,3793.0,3788.0,3789.0,37862.0
20190211101400.0,3790.0,3796.0,3790.0,3793.0,20962.0
20190211101500.0,3792.0,3795.0,3790.0,3790.0,15046.0
20190211103100.0,3790.0,3791.0,3783.0,3786.0,36072.0
20190211103200.0,3786.0,3787.0,3784.0,3787.0,17206.0
20190211103300.0,3787.0,3790.0,3786.0,3790.0,13420.0
20190211103400.0,3791.0,3794.0,3790.0,3792.0,10360.0
20190211103500.0,3791.0,3792.0,3791.0,3792.0,2860.0
20190211103600.0,3792.0,3793.0,3792.0,3793.0,5228.0
20190211103700.0,3792.0,3798.0,3792.0,3796.0,10740.0
20190211103800.0,3797.0,3799.0,3796.0,3798.0,8172.0
20190211103900.0,3799.0,3800.0,3797.0,3799.0,7288.0
20190211104000.0,3799.0,3800.0,3797.0,3799.0,3432.0
20190211104100.0,3799.0,3800.0,3798.0,3800.0,2190.0
20190211104200.0,3800.0,3802.0,3799.0,3799.0,6462.0
20190211104300.0,3799.0,3800.0,3797.0,3798.0,5536.0
20190211104400.0,3798.0,3800.0,3798.0,3799.0,3176.0
20190211104500.0,3799.0,3800.0,3798.0,3800.0,3514.0
20190211104600.0,3800.0,3800.0,3797.0,3798.0,3798.0
20190211104700.0,3799.0,3799.0,3796.0,3797.0,5336.0
20190211104800.0,3797.0,3797.0,3794.0,3795.0,5274.0
20190211104900.0,3795.0,3796.0,3794.0,3796.0,9334.0
20190211105000.0,3796.0,3797.0,3795.0,3796.0,4934.0
20190211105100.0,3795.0,3796.0,3795.0,3795.0,2088.0
20190211105200.0,3795.0,3798.0,3795.0,3795.0,3018.0
20190211105300.0,3796.0,3796.0,3795.0,3795.0,2198.0
20190211105400.0,3795.0,3797.0,3795.0,3795.0,2390.0
20190211105500.0,3795.0,3797.0,3795.0,3796.0,1976.0
20190211105600.0,3796.0,3799.0,3796.0,3799.0,2964.0
20190211105700.0,3799.0,3799.0,3797.0,3798.0,2778.0
20190211105800.0,3798.0,3798.0,3795.0,3796.0,4096.0
20190211105900.0,3797.0,3798.0,3796.0,3797.0,924.0
20190211110000.0,3797.0,3799.0,3796.0,3799.0,2270.0
20190211110100.0,3799.0,3800.0,3797.0,3797.0,5736.0
20190211110200.0,3796.0,3800.0,3796.0,3799.0,4036.0
20190211110300.0,3799.0,3800.0,3798.0,3799.0,1712.0
20190211110400.0,3799.0,3800.0,3799.0,3800.0,874.0
20190211110500.0,3799.0,3801.0,3798.0,3801.0,4006.0
20190211110600.0,3801.0,3801.0,3799.0,3800.0,3498.0
20190211110700.0,3800.0,3804.0,3799.0,3803.0,11136.0
20190211110800.0,3802.0,3802.0,3799.0,3800.0,5606.0
20190211110900.0,3800.0,3801.0,3799.0,3799.0,1762.0
20190211111000.0,3800.0,3800.0,3799.0,3800.0,2428.0
20190211111100.0,3800.0,3801.0,3799.0,3801.0,1044.0
20190211111200.0,3800.0,3804.0,3800.0,3803.0,4504.0
20190211111300.0,3804.0,3804.0,3803.0,3803.0,5766.0
20190211111400.0,3802.0,3807.0,3802.0,3806.0,10370.0
20190211111500.0,3807.0,3809.0,3806.0,3808.0,20068.0
20190211111600.0,3808.0,3810.0,3807.0,3810.0,17762.0
20190211111700.0,3810.0,3811.0,3808.0,3809.0,9854.0
20190211111800.0,3810.0,3810.0,3806.0,3807.0,10126.0
20190211111900.0,3807.0,3808.0,3806.0,3807.0,6300.0
20190211112000.0,3806.0,3808.0,3805.0,3807.0,10346.0
20190211112100.0,3807.0,3810.0,3807.0,3810.0,10434.0
20190211112200.0,3810.0,3810.0,3808.0,3809.0,5618.0
20190211112300.0,3809.0,3819.0,3809.0,3814.0,54924.0
20190211112400.0,3813.0,3816.0,3813.0,3814.0,13256.0
20190211112500.0,3814.0,3815.0,3808.0,3814.0,19914.0
20190211112600.0,3814.0,3814.0,3811.0,3811.0,6538.0
20190211112700.0,3811.0,3813.0,3810.0,3811.0,4622.0
20190211112800.0,3811.0,3813.0,3811.0,3812.0,5752.0
20190211112900.0,3812.0,3814.0,3809.0,3814.0,14334.0
20190211113000.0,3814.0,3819.0,3813.0,3817.0,22106.0
20190211133100.0,3819.0,3822.0,3816.0,3819.0,33626.0
20190211133200.0,3819.0,3829.0,3819.0,3825.0,47486.0
20190211133300.0,3826.0,3826.0,3820.0,3824.0,23482.0
20190211133400.0,3824.0,3830.0,3822.0,3830.0,26984.0
20190211133500.0,3830.0,3830.0,3828.0,3830.0,17710.0
20190211133600.0,3830.0,3832.0,3829.0,3830.0,22892.0
20190211133700.0,3830.0,3835.0,3830.0,3834.0,21600.0
20190211133800.0,3834.0,3838.0,3834.0,3838.0,34750.0
20190211133900.0,3838.0,3838.0,3835.0,3836.0,11718.0
20190211134000.0,3836.0,3840.0,3836.0,3840.0,21292.0
20190211134100.0,3840.0,3841.0,3838.0,3841.0,13262.0
20190211134200.0,3841.0,3841.0,3837.0,3837.0,11712.0
20190211134300.0,3838.0,3843.0,3838.0,3841.0,26422.0
20190211134400.0,3841.0,3841.0,3839.0,3840.0,10576.0
20190211134500.0,3841.0,3842.0,3840.0,3841.0,12502.0
20190211134600.0,3840.0,3841.0,3837.0,3838.0,13868.0
20190211134700.0,3838.0,3839.0,3836.0,3837.0,14376.0
20190211134800.0,3837.0,3837.0,3831.0,3835.0,31796.0
20190211134900.0,3835.0,3842.0,3835.0,3842.0,25192.0
20190211135000.0,3841.0,3845.0,3841.0,3845.0,25430.0
20190211135100.0,3844.0,3846.0,3843.0,3843.0,16284.0
20190211135200.0,3843.0,3843.0,3841.0,3842.0,16402.0
20190211135300.0,3842.0,3846.0,3842.0,3844.0,7310.0
20190211135400.0,3845.0,3846.0,3843.0,3846.0,8844.0
20190211135500.0,3845.0,3845.0,3843.0,3843.0,5338.0
20190211135600.0,3843.0,3844.0,3841.0,3841.0,9190.0
20190211135700.0,3841.0,3844.0,3841.0,3843.0,6928.0
20190211135800.0,3843.0,3844.0,3842.0,3843.0,5114.0
20190211135900.0,3843.0,3845.0,3843.0,3843.0,4242.0
20190211140000.0,3843.0,3844.0,3841.0,3842.0,7314.0
20190211140100.0,3841.0,3845.0,3840.0,3844.0,8814.0
20190211140200.0,3843.0,3846.0,3843.0,3846.0,8868.0
20190211140300.0,3845.0,3847.0,3845.0,3846.0,21114.0
20190211140400.0,3846.0,3851.0,3846.0,3849.0,42730.0
20190211140500.0,3848.0,3850.0,3846.0,3850.0,22012.0
20190211140600.0,3850.0,3854.0,3849.0,3853.0,23048.0
20190211140700.0,3852.0,3854.0,3848.0,3849.0,17714.0
20190211140800.0,3848.0,3849.0,3843.0,3844.0,15178.0
20190211140900.0,3844.0,3847.0,3844.0,3845.0,9188.0
20190211141000.0,3845.0,3846.0,3844.0,3844.0,7766.0
20190211141100.0,3845.0,3845.0,3843.0,3845.0,6504.0
20190211141200.0,3844.0,3845.0,3843.0,3843.0,3402.0
20190211141300.0,3843.0,3845.0,3842.0,3842.0,4800.0
20190211141400.0,3843.0,3843.0,3840.0,3842.0,11226.0
20190211141500.0,3844.0,3847.0,3843.0,3845.0,9830.0
20190211141600.0,3845.0,3851.0,3844.0,3849.0,16198.0
20190211141700.0,3851.0,3851.0,3848.0,3848.0,6006.0
20190211141800.0,3848.0,3849.0,3846.0,3847.0,3748.0
20190211141900.0,3847.0,3848.0,3846.0,3847.0,2244.0
20190211142000.0,3847.0,3848.0,3845.0,3845.0,4640.0
20190211142100.0,3845.0,3846.0,3841.0,3842.0,12182.0
20190211142200.0,3842.0,3842.0,3836.0,3839.0,26424.0
20190211142300.0,3838.0,3840.0,3836.0,3836.0,13530.0
20190211142400.0,3836.0,3838.0,3834.0,3834.0,14352.0
20190211142500.0,3835.0,3838.0,3835.0,3837.0,6654.0
20190211142600.0,3837.0,3839.0,3836.0,3839.0,9148.0
20190211142700.0,3839.0,3840.0,3836.0,3837.0,10068.0
20190211142800.0,3838.0,3840.0,3837.0,3839.0,6882.0
20190211142900.0,3839.0,3840.0,3839.0,3839.0,3908.0
20190211143000.0,3840.0,3842.0,3838.0,3838.0,7450.0
20190211143100.0,3838.0,3842.0,3838.0,3839.0,7420.0
20190211143200.0,3839.0,3841.0,3838.0,3838.0,3834.0
20190211143300.0,3839.0,3842.0,3838.0,3841.0,3976.0
20190211143400.0,3841.0,3842.0,3839.0,3840.0,5090.0
20190211143500.0,3839.0,3841.0,3839.0,3840.0,3810.0
20190211143600.0,3841.0,3841.0,3836.0,3838.0,10176.0
20190211143700.0,3838.0,3838.0,3830.0,3833.0,26942.0
20190211143800.0,3832.0,3832.0,3824.0,3825.0,40970.0
20190211143900.0,3825.0,3825.0,3807.0,3807.0,79356.0
20190211144000.0,3808.0,3813.0,3807.0,3809.0,52854.0
20190211144100.0,3808.0,3808.0,3801.0,3801.0,55990.0
20190211144200.0,3800.0,3800.0,3792.0,3797.0,69726.0
20190211144300.0,3797.0,3800.0,3794.0,3797.0,44606.0
20190211144400.0,3797.0,3798.0,3785.0,3785.0,55326.0
20190211144500.0,3786.0,3791.0,3783.0,3788.0,54474.0
20190211144600.0,3787.0,3787.0,3772.0,3775.0,87494.0
20190211144700.0,3775.0,3777.0,3766.0,3774.0,68326.0
20190211144800.0,3774.0,3780.0,3774.0,3777.0,35464.0
20190211144900.0,3776.0,3780.0,3775.0,3777.0,23102.0
20190211145000.0,3778.0,3780.0,3777.0,3780.0,20054.0
20190211145100.0,3780.0,3781.0,3775.0,3776.0,22328.0
20190211145200.0,3775.0,3780.0,3771.0,3780.0,26702.0
20190211145300.0,3780.0,3782.0,3780.0,3780.0,25982.0
20190211145400.0,3780.0,3785.0,3776.0,3777.0,31674.0
20190211145500.0,3777.0,3780.0,3776.0,3778.0,12204.0
20190211145600.0,3777.0,3778.0,3775.0,3777.0,22676.0
20190211145700.0,3776.0,3776.0,3767.0,3768.0,32962.0
20190211145800.0,3767.0,3772.0,3766.0,3771.0,25864.0
20190211145900.0,3771.0,3773.0,3769.0,3773.0,27242.0
20190211150000.0,3773.0,3774.0,3767.0,3770.0,51276.0
20190211150000.0,3773.0,3774.0,3767.0,3770.0,51276.0
20190211210100.0,3765.0,3769.0,3758.0,3768.0,76394.0
20190211210200.0,3768.0,3768.0,3760.0,3766.0,37928.0
20190211210300.0,3765.0,3765.0,3758.0,3758.0,34904.0
20190211210400.0,3758.0,3761.0,3757.0,3759.0,31264.0
20190211210500.0,3759.0,3764.0,3759.0,3764.0,24890.0
20190211210600.0,3764.0,3764.0,3754.0,3755.0,37838.0
20190211210700.0,3754.0,3758.0,3753.0,3756.0,30826.0
20190211210800.0,3756.0,3759.0,3756.0,3757.0,22262.0
20190211210900.0,3757.0,3760.0,3757.0,3757.0,22224.0
20190211211000.0,3757.0,3763.0,3757.0,3763.0,14974.0
20190211211100.0,3763.0,3764.0,3759.0,3759.0,17592.0
20190211211200.0,3758.0,3763.0,3758.0,3760.0,23466.0
20190211211300.0,3760.0,3762.0,3758.0,3761.0,14504.0
20190211211400.0,3761.0,3761.0,3756.0,3756.0,14972.0
20190211211500.0,3757.0,3760.0,3756.0,3760.0,10400.0
20190211211600.0,3760.0,3760.0,3755.0,3756.0,14096.0
20190211211700.0,3756.0,3759.0,3754.0,3756.0,14510.0
20190211211800.0,3755.0,3756.0,3754.0,3756.0,12430.0
20190211211900.0,3755.0,3758.0,3755.0,3757.0,9616.0
20190211212000.0,3756.0,3758.0,3754.0,3755.0,13156.0
20190211212100.0,3754.0,3757.0,3754.0,3756.0,10432.0
20190211212200.0,3756.0,3760.0,3756.0,3756.0,14142.0
20190211212300.0,3756.0,3760.0,3756.0,3759.0,9582.0
20190211212400.0,3759.0,3759.0,3757.0,3758.0,10796.0
20190211212500.0,3758.0,3758.0,3756.0,3757.0,17284.0
20190211212600.0,3758.0,3763.0,3757.0,3762.0,14442.0
20190211212700.0,3762.0,3764.0,3761.0,3763.0,14492.0
20190211212800.0,3762.0,3763.0,3760.0,3761.0,9866.0
20190211212900.0,3760.0,3764.0,3760.0,3763.0,8130.0
20190211213000.0,3763.0,3763.0,3760.0,3761.0,5520.0
20190211213100.0,3761.0,3763.0,3759.0,3759.0,6810.0
20190211213200.0,3759.0,3761.0,3758.0,3758.0,9332.0
20190211213300.0,3758.0,3761.0,3758.0,3760.0,2808.0
20190211213400.0,3760.0,3760.0,3757.0,3757.0,8478.0
20190211213500.0,3757.0,3758.0,3757.0,3757.0,5552.0
20190211213600.0,3757.0,3758.0,3756.0,3757.0,4664.0
20190211213700.0,3758.0,3758.0,3756.0,3757.0,5566.0
20190211213800.0,3757.0,3758.0,3756.0,3757.0,3200.0
20190211213900.0,3757.0,3761.0,3757.0,3759.0,5240.0
20190211214000.0,3759.0,3762.0,3759.0,3760.0,6178.0
20190211214100.0,3760.0,3760.0,3759.0,3759.0,2796.0
20190211214200.0,3759.0,3760.0,3758.0,3759.0,3456.0
20190211214300.0,3758.0,3761.0,3758.0,3759.0,7080.0
20190211214400.0,3759.0,3759.0,3753.0,3754.0,24588.0
20190211214500.0,3756.0,3758.0,3755.0,3755.0,9470.0
20190211214600.0,3755.0,3756.0,3752.0,3753.0,21546.0
20190211214700.0,3754.0,3755.0,3752.0,3753.0,9390.0
20190211214800.0,3753.0,3754.0,3752.0,3752.0,12036.0
20190211214900.0,3752.0,3752.0,3747.0,3748.0,39994.0
20190211215000.0,3747.0,3752.0,3746.0,3750.0,22640.0
20190211215100.0,3751.0,3752.0,3750.0,3752.0,9290.0
20190211215200.0,3752.0,3754.0,3751.0,3753.0,8970.0
20190211215300.0,3753.0,3754.0,3752.0,3753.0,3972.0
20190211215400.0,3752.0,3754.0,3751.0,3754.0,8428.0
20190211215500.0,3753.0,3754.0,3752.0,3754.0,3548.0
20190211215600.0,3754.0,3754.0,3751.0,3751.0,5104.0
20190211215700.0,3751.0,3752.0,3751.0,3752.0,1990.0
20190211215800.0,3751.0,3752.0,3750.0,3750.0,2908.0
20190211215900.0,3751.0,3754.0,3751.0,3754.0,3778.0
20190211220000.0,3753.0,3756.0,3753.0,3756.0,6224.0
20190211220100.0,3754.0,3756.0,3754.0,3756.0,4248.0
20190211220200.0,3756.0,3758.0,3755.0,3756.0,9780.0
20190211220300.0,3756.0,3756.0,3754.0,3754.0,3976.0
20190211220400.0,3755.0,3756.0,3753.0,3755.0,2934.0
20190211220500.0,3755.0,3755.0,3753.0,3755.0,3682.0
20190211220600.0,3755.0,3757.0,3755.0,3755.0,6776.0
20190211220700.0,3755.0,3763.0,3755.0,3763.0,20036.0
20190211220800.0,3763.0,3763.0,3760.0,3763.0,12510.0
20190211220900.0,3762.0,3762.0,3760.0,3760.0,7858.0
20190211221000.0,3760.0,3762.0,3760.0,3760.0,5406.0
20190211221100.0,3762.0,3762.0,3759.0,3760.0,5194.0
20190211221200.0,3759.0,3762.0,3758.0,3762.0,9598.0
20190211221300.0,3762.0,3763.0,3760.0,3761.0,3396.0
20190211221400.0,3761.0,3761.0,3760.0,3760.0,1860.0
20190211221500.0,3761.0,3761.0,3758.0,3760.0,3550.0
20190211221600.0,3761.0,3761.0,3758.0,3759.0,4494.0
20190211221700.0,3759.0,3761.0,3759.0,3761.0,4884.0
20190211221800.0,3761.0,3761.0,3758.0,3758.0,4170.0
20190211221900.0,3759.0,3759.0,3754.0,3757.0,11830.0
20190211222000.0,3757.0,3760.0,3756.0,3757.0,5890.0
20190211222100.0,3757.0,3758.0,3755.0,3756.0,3618.0
20190211222200.0,3756.0,3757.0,3756.0,3756.0,1840.0
20190211222300.0,3757.0,3757.0,3754.0,3755.0,5868.0
20190211222400.0,3755.0,3757.0,3754.0,3757.0,3288.0
20190211222500.0,3756.0,3758.0,3756.0,3758.0,1630.0
20190211222600.0,3758.0,3758.0,3757.0,3757.0,1548.0
20190211222700.0,3757.0,3758.0,3756.0,3758.0,3322.0
20190211222800.0,3758.0,3759.0,3756.0,3759.0,2528.0
20190211222900.0,3759.0,3759.0,3757.0,3757.0,2668.0
20190211223000.0,3757.0,3760.0,3757.0,3758.0,5134.0
20190211223100.0,3757.0,3763.0,3757.0,3763.0,7586.0
20190211223200.0,3762.0,3768.0,3762.0,3766.0,26558.0
20190211223300.0,3767.0,3767.0,3763.0,3765.0,11206.0
20190211223400.0,3766.0,3771.0,3765.0,3771.0,22664.0
20190211223500.0,3770.0,3771.0,3767.0,3769.0,14600.0
20190211223600.0,3769.0,3773.0,3768.0,3771.0,14982.0
20190211223700.0,3771.0,3774.0,3770.0,3772.0,13412.0
20190211223800.0,3773.0,3775.0,3772.0,3772.0,13242.0
20190211223900.0,3773.0,3773.0,3769.0,3770.0,12492.0
20190211224000.0,3770.0,3773.0,3770.0,3770.0,11196.0
20190211224100.0,3771.0,3771.0,3769.0,3770.0,6108.0
20190211224200.0,3770.0,3771.0,3765.0,3767.0,14996.0
20190211224300.0,3767.0,3767.0,3759.0,3759.0,22898.0
20190211224400.0,3759.0,3763.0,3759.0,3761.0,11666.0
20190211224500.0,3761.0,3762.0,3760.0,3762.0,6864.0
20190211224600.0,3762.0,3764.0,3761.0,3762.0,7878.0
20190211224700.0,3762.0,3763.0,3761.0,3762.0,3592.0
20190211224800.0,3761.0,3763.0,3761.0,3761.0,2178.0
20190211224900.0,3762.0,3764.0,3761.0,3764.0,2952.0
20190211225000.0,3764.0,3769.0,3763.0,3769.0,8638.0
20190211225100.0,3769.0,3769.0,3763.0,3763.0,7604.0
20190211225200.0,3763.0,3766.0,3763.0,3766.0,6250.0
20190211225300.0,3766.0,3767.0,3763.0,3764.0,6118.0
20190211225400.0,3764.0,3767.0,3764.0,3765.0,3966.0
20190211225500.0,3765.0,3765.0,3764.0,3764.0,1898.0
20190211225600.0,3765.0,3765.0,3762.0,3762.0,5682.0
20190211225700.0,3762.0,3762.0,3757.0,3758.0,18626.0
20190211225800.0,3757.0,3757.0,3753.0,3756.0,17590.0
20190211225900.0,3755.0,3757.0,3755.0,3756.0,7454.0
